Workbook

Sheet Synthèse
A1: ID Cas d'Usage | B1: Nom du Cas d'Usage | C1: Bénéfice Net Année 1 | D1: ROI Année 1 | E1: Bénéfice Net Années 1+2 | F1: ROI Années 1+2
A2: 100 | B2: Automatisation Demandes Fournisseurs | C2: =+'100'!C26 | D2: =+'100'!C27 | E2: =+'100'!C31 | F2: =+'100'!C32
A3: 101 | B3: Génération Critères/DO (RFQ/RFP) | C3: =+'101'!C26 | D3: =+'101'!C27 | E3: =+'101'!C31 | F3: =+'101'!C32
A4: 102 | B4: Propositions Négociation | C4: =+'102'!C26 | D4: =+'102'!C27 | E4: =+'102'!C31 | F4: =+'102'!C32
A5: 103 | B5: Rapports Conformité Fournisseurs | C5: =+'103'!C26 | D5: =+'103'!C27 | E5: =+'103'!C31 | F5: =+'103'!C32
A6: 104 | B6: Benchmark Fournisseurs | C6: =+'104'!C26 | D6: =+'104'!C27 | E6: =+'104'!C31 | F6: =+'104'!C32
A7: 105 | B7: Prédiction Dynamique des Prix | C7: =+'105'!C26 | D7: =+'105'!C27 | E7: =+'105'!C31 | F7: =+'105'!C32
A8: 106 | B8: Génération de contrats et suivi des conditions | C8: =+'106'!C26 | D8: =+'106'!C27 | E8: =+'106'!C31 | F8: =+'106'!C32

Sheet Hypothèses
A1: Paramètre | B1: Valeur | C1: Unité
A2: Taux Horaire Moyen (FTE) | B2: 75 | C2: €/heure
A3: Coût TJM (Développement) | B3: 1200 | C3: €/jour
